"","phenotype","sex","phenotype1","phenotype2","phenotype3","phenotype4","1","2","3"
"1",0.237069664637876,0,-0.563024771601703,-0.301938710950744,0.404595990627722,0.786982489806391,